Date,"Daily minimum temperatures in Melbourne, Australia, 1981-1990"
1981-1-1,20.7
1981-1-2,17.9
1981-1-3,18.8
1981-1-4,14.6
1981-1-5,15.8
1981-1-6,15.8
1981-1-7,15.8
1981-1-8,17.4
1981-1-9,21.8
1981-1-10,20
1981-1-11,16.2
1981-1-12,13.3
1981-1-13,16.7
1981-1-14,21.5
1981-1-15,25
1981-1-16,20.7
1981-1-17,20.6
1981-1-18,24.8
1981-1-19,17.7
1981-1-20,15.5
1981-1-21,18.2
1981-1-22,12.1
1981-1-23,14.4
1981-1-24,16
1981-1-25,16.5
1981-1-26,18.7
1981-1-27,19.4
1981-1-28,17.2
1981-1-29,15.5
1981-1-30,15.1
1981-1-31,15.4
1981-2-1,15.3
1981-2-2,18.8
1981-2-3,21.9
1981-2-4,19.9
1981-2-5,16.6
1981-2-6,16.8
1981-2-7,14.6
1981-2-8,17.1
1981-2-9,25
1981-2-10,15
1981-2-11,13.7
1981-2-12,13.9
1981-2-13,18.3
1981-2-14,22
1981-2-15,22.1
1981-2-16,21.2
1981-2-17,18.4
1981-2-18,16.6
1981-2-19,16.1
1981-2-20,15.7
1981-2-21,16.6
1981-2-22,16.5
1981-2-23,14.4
1981-2-24,14.4
1981-2-25,18.5
1981-2-26,16.9
1981-2-27,17.5
1981-2-28,21.2
1981-3-1,17.8
1981-3-2,18.6
1981-3-3,17
1981-3-4,16
1981-3-5,13.3
1981-3-6,14.3
1981-3-7,11.4
1981-3-8,16.3
1981-3-9,16.1
1981-3-10,11.8
1981-3-11,12.2
1981-3-12,14.7
1981-3-13,11.8
1981-3-14,11.3
1981-3-15,10.6
1981-3-16,11.7
1981-3-17,14.2
1981-3-18,11.2
1981-3-19,16.9
1981-3-20,16.7
1981-3-21,8.1
1981-3-22,8
1981-3-23,8.8
1981-3-24,13.4
1981-3-25,10.9
1981-3-26,13.4
1981-3-27,11
1981-3-28,15
1981-3-29,15.7
1981-3-30,14.5
1981-3-31,15.8
1981-4-1,16.7
1981-4-2,16.8
1981-4-3,17.5
1981-4-4,17.1
1981-4-5,18.1
1981-4-6,16.6
1981-4-7,10
1981-4-8,14.9
1981-4-9,15.9
1981-4-10,13
1981-4-11,7.6
1981-4-12,11.5
1981-4-13,13.5
1981-4-14,13
1981-4-15,13.3
1981-4-16,12.1
1981-4-17,12.4
1981-4-18,13.2
1981-4-19,13.8
1981-4-20,10.6
1981-4-21,9
1981-4-22,10
1981-4-23,9.8
1981-4-24,11.5
1981-4-25,8.9
1981-4-26,7.4
1981-4-27,9.9
1981-4-28,9.3
1981-4-29,9.9
1981-4-30,7.4
1981-5-1,8.6
1981-5-2,11.9
1981-5-3,14
1981-5-4,8.6
1981-5-5,10
1981-5-6,13.5
1981-5-7,12
1981-5-8,10.5
1981-5-9,10.7
1981-5-10,8.1
1981-5-11,10.1
1981-5-12,10.6
1981-5-13,5.3
1981-5-14,6.6
1981-5-15,8.5
1981-5-16,11.2
1981-5-17,9.8
1981-5-18,5.9
1981-5-19,3.2
1981-5-20,2.1
1981-5-21,3.4
1981-5-22,5.4
1981-5-23,9.6
1981-5-24,11.5
1981-5-25,12.3
1981-5-26,12.6
1981-5-27,11
1981-5-28,11.2
1981-5-29,11.4
1981-5-30,11.8
1981-5-31,12.8
1981-6-1,11.6
1981-6-2,10.6
1981-6-3,9.8
1981-6-4,11.2
1981-6-5,5.7
1981-6-6,7.1
1981-6-7,2.5
1981-6-8,3.5
1981-6-9,4.6
1981-6-10,11
1981-6-11,5.7
1981-6-12,7.7
1981-6-13,10.4
1981-6-14,11.4
1981-6-15,9.2
1981-6-16,6.1
1981-6-17,2.7
1981-6-18,4.3
1981-6-19,6.3
1981-6-20,3.8
1981-6-21,4.4
1981-6-22,7.1
1981-6-23,4.8
1981-6-24,5.8
1981-6-25,6.2
1981-6-26,7.3
1981-6-27,9.2
1981-6-28,10.2
1981-6-29,9.5
1981-6-30,9.5
1981-7-1,10.7
1981-7-2,10
1981-7-3,6.5
1981-7-4,7
1981-7-5,7.4
1981-7-6,8.1
1981-7-7,6.6
1981-7-8,8.3
1981-7-9,8.9
1981-7-10,4.6
1981-7-11,6.8
1981-7-12,5.7
1981-7-13,6.1
1981-7-14,7
1981-7-15,7.2
1981-7-16,6.3
1981-7-17,8.8
1981-7-18,5
1981-7-19,7.4
1981-7-20,10.1
1981-7-21,12
1981-7-22,9
1981-7-23,8.9
1981-7-24,9.8
1981-7-25,9
1981-7-26,9.2
1981-7-27,7.7
1981-7-28,8
1981-7-29,6.1
1981-7-30,3.5
1981-7-31,3.2
1981-8-1,5.7
1981-8-2,7.7
1981-8-3,9
1981-8-4,10
1981-8-5,6.2
1981-8-6,6.9
1981-8-7,6.5
1981-8-8,6.8
1981-8-9,7
1981-8-10,5.2
1981-8-11,3
1981-8-12,5.6
1981-8-13,7.9
1981-8-14,9
1981-8-15,8.6
1981-8-16,10.3
1981-8-17,10.5
1981-8-18,7.6
1981-8-19,9.7
1981-8-20,12.5
1981-8-21,7.4
1981-8-22,7.9
1981-8-23,3.9
1981-8-24,6.6
1981-8-25,4.6
1981-8-26,7
1981-8-27,6
1981-8-28,5.5
1981-8-29,8.1
1981-8-30,5.5
1981-8-31,6.2
1981-9-1,8
1981-9-2,10.3
1981-9-3,9.8
1981-9-4,9.6
1981-9-5,8.5
1981-9-6,7.5
1981-9-7,11.2
1981-9-8,14.6
1981-9-9,11.7
1981-9-10,7.8
1981-9-11,12.3
1981-9-12,10.1
1981-9-13,11.5
1981-9-14,7.3
1981-9-15,10.9
1981-9-16,14.1
1981-9-17,10.7
1981-9-18,16.9
1981-9-19,10.5
1981-9-20,6.5
1981-9-21,11
1981-9-22,6.3
1981-9-23,10.5
1981-9-24,7.2
1981-9-25,7.6
1981-9-26,10.7
1981-9-27,7.8
1981-9-28,9.6
1981-9-29,11.4
1981-9-30,12.4
1981-10-1,8.9
1981-10-2,13.2
1981-10-3,8.6
1981-10-4,6.2
1981-10-5,11.4
1981-10-6,13.2
1981-10-7,14.3
1981-10-8,7.3
1981-10-9,12.9
1981-10-10,7.8
1981-10-11,6.2
1981-10-12,5.6
1981-10-13,10
1981-10-14,13.3
1981-10-15,8.3
1981-10-16,10.2
1981-10-17,8.6
1981-10-18,7.3
1981-10-19,10.4
1981-10-20,11.2
1981-10-21,13.2
1981-10-22,11.4
1981-10-23,9.1
1981-10-24,6.6
1981-10-25,8.4
1981-10-26,9.7
1981-10-27,13.2
1981-10-28,12.5
1981-10-29,11
1981-10-30,11
1981-10-31,11.7
1981-11-1,9.2
1981-11-2,11.5
1981-11-3,13.6
1981-11-4,13.7
1981-11-5,10.4
1981-11-6,11.5
1981-11-7,7.6
1981-11-8,9.6
1981-11-9,14.2
1981-11-10,15.7
1981-11-11,10.5
1981-11-12,10.5
1981-11-13,9.7
1981-11-14,9.5
1981-11-15,11.3
1981-11-16,8.9
1981-11-17,9.4
1981-11-18,11.9
1981-11-19,11.7
1981-11-20,13.4
1981-11-21,12.6
1981-11-22,10.1
1981-11-23,15.8
1981-11-24,13.6
1981-11-25,11.9
1981-11-26,9.9
1981-11-27,12.6
1981-11-28,17.8
1981-11-29,15
1981-11-30,13.6
1981-12-1,13.4
1981-12-2,10.5
1981-12-3,14.2
1981-12-4,11.5
1981-12-5,13
1981-12-6,15
1981-12-7,14.7
1981-12-8,12.6
1981-12-9,12.5
1981-12-10,13.5
1981-12-11,14.8
1981-12-12,17.2
1981-12-13,9.7
1981-12-14,12.1
1981-12-15,12.8
1981-12-16,11.2
1981-12-17,16.4
1981-12-18,15.6
1981-12-19,13.3
1981-12-20,11
1981-12-21,11.1
1981-12-22,15
1981-12-23,12.8
1981-12-24,15
1981-12-25,14.2
1981-12-26,14
1981-12-27,15.5
1981-12-28,13.3
1981-12-29,15.6
1981-12-30,15.2
1981-12-31,17.4
1982-1-1,17
1982-1-2,15
1982-1-3,13.5
1982-1-4,15.2
1982-1-5,13
1982-1-6,12.5
1982-1-7,14.1
1982-1-8,14.8
1982-1-9,16.2
1982-1-10,15.8
1982-1-11,19.1
1982-1-12,22.2
1982-1-13,15.9
1982-1-14,13
1982-1-15,14.1
1982-1-16,15.8
1982-1-17,24
1982-1-18,18
1982-1-19,19.7
1982-1-20,25.2
1982-1-21,20.5
1982-1-22,19.3
1982-1-23,15.8
1982-1-24,17
1982-1-25,18.4
1982-1-26,13.3
1982-1-27,14.6
1982-1-28,12.5
1982-1-29,17
1982-1-30,17.1
1982-1-31,14
1982-2-1,14.6
1982-2-2,13.3
1982-2-3,14.8
1982-2-4,15.1
1982-2-5,13.1
1982-2-6,13.6
1982-2-7,19.5
1982-2-8,22.7
1982-2-9,17.2
1982-2-10,13.5
1982-2-11,15.4
1982-2-12,17
1982-2-13,19.2
1982-2-14,22.8
1982-2-15,26.3
1982-2-16,18.2
1982-2-17,17
1982-2-18,14.8
1982-2-19,12.8
1982-2-20,15.5
1982-2-21,15.6
1982-2-22,13.1
1982-2-23,15.2
1982-2-24,14.1
1982-2-25,12.5
1982-2-26,14.6
1982-2-27,10.4
1982-2-28,13.9
1982-3-1,11.9
1982-3-2,13.5
1982-3-3,9.8
1982-3-4,14
1982-3-5,21.5
1982-3-6,19.5
1982-3-7,16.7
1982-3-8,19.1
1982-3-9,11
1982-3-10,9
1982-3-11,10
1982-3-12,14.6
1982-3-13,12.5
1982-3-14,17.2
1982-3-15,19.2
1982-3-16,22.2
1982-3-17,15.7
1982-3-18,14.2
1982-3-19,9.8
1982-3-20,14
1982-3-21,17.5
1982-3-22,20.7
1982-3-23,15.6
1982-3-24,13.2
1982-3-25,14.5
1982-3-26,16.8
1982-3-27,17.2
1982-3-28,13.4
1982-3-29,14.2
1982-3-30,14.3
1982-3-31,10.2
1982-4-1,10.4
1982-4-2,12.3
1982-4-3,11.9
1982-4-4,11.2
1982-4-5,8.5
1982-4-6,12
1982-4-7,12.4
1982-4-8,12.9
1982-4-9,10.1
1982-4-10,15
1982-4-11,13.6
1982-4-12,12.4
1982-4-13,13.6
1982-4-14,16.1
1982-4-15,19.5
1982-4-16,14.2
1982-4-17,9.3
1982-4-18,10.1
1982-4-19,7.4
1982-4-20,8.6
1982-4-21,7.8
1982-4-22,9.1
1982-4-23,13
1982-4-24,16.5
1982-4-25,12.9
1982-4-26,6.9
1982-4-27,6.9
1982-4-28,8.7
1982-4-29,10
1982-4-30,10.8
1982-5-1,7.5
1982-5-2,6.3
1982-5-3,11.9
1982-5-4,13.8
1982-5-5,11.8
1982-5-6,11
1982-5-7,10.1
1982-5-8,8.5
1982-5-9,5.5
1982-5-10,7.6
1982-5-11,8.7
1982-5-12,10.8
1982-5-13,11.2
1982-5-14,9.1
1982-5-15,3.7
1982-5-16,4.6
1982-5-17,6.6
1982-5-18,13.2
1982-5-19,15.2
1982-5-20,7.6
1982-5-21,8.4
1982-5-22,6
1982-5-23,8.3
1982-5-24,8.6
1982-5-25,11.1
1982-5-26,12.1
1982-5-27,12.9
1982-5-28,14
1982-5-29,12.5
1982-5-30,11.5
1982-5-31,7
1982-6-1,7.1
1982-6-2,9
1982-6-3,3.1
1982-6-4,2.5
1982-6-5,0
1982-6-6,1.6
1982-6-7,2.6
1982-6-8,5.7
1982-6-9,2.3
1982-6-10,4.5
1982-6-11,8.2
1982-6-12,6.9
1982-6-13,7.3
1982-6-14,6
1982-6-15,7.3
1982-6-16,7.6
1982-6-17,8
1982-6-18,8
1982-6-19,6.8
1982-6-20,7.3
1982-6-21,6.2
1982-6-22,6.9
1982-6-23,8.9
1982-6-24,4
1982-6-25,1.3
1982-6-26,0.8
1982-6-27,4.3
1982-6-28,7.3
1982-6-29,7.7
1982-6-30,9
1982-7-1,4.2
1982-7-2,1.6
1982-7-3,2.6
1982-7-4,3.4
1982-7-5,3.9
1982-7-6,7
1982-7-7,7.8
1982-7-8,5.3
1982-7-9,2.4
1982-7-10,2.8
1982-7-11,4
1982-7-12,7.5
1982-7-13,7.8
1982-7-14,5.6
1982-7-15,3.3
1982-7-16,5
1982-7-17,3.7
1982-7-18,3.9
1982-7-19,5.2
1982-7-20,?0.2
1982-7-21,?0.8
1982-7-22,0.9
1982-7-23,3.5
1982-7-24,6.6
1982-7-25,9.5
1982-7-26,9
1982-7-27,3.5
1982-7-28,4.5
1982-7-29,5.7
1982-7-30,5.6
1982-7-31,7.1
1982-8-1,9.7
1982-8-2,8.3
1982-8-3,9.1
1982-8-4,2.8
1982-8-5,2.2
1982-8-6,4.5
1982-8-7,3.8
1982-8-8,3.8
1982-8-9,6.2
1982-8-10,11.5
1982-8-11,10.2
1982-8-12,7.9
1982-8-13,9
1982-8-14,9.5
1982-8-15,6
1982-8-16,8.2
1982-8-17,9.2
1982-8-18,4.3
1982-8-19,6.6
1982-8-20,9.4
1982-8-21,13.2
1982-8-22,6.6
1982-8-23,5.1
1982-8-24,12.1
1982-8-25,11.2
1982-8-26,8.5
1982-8-27,4.6
1982-8-28,7
1982-8-29,14.2
1982-8-30,12.7
1982-8-31,7.6
1982-9-1,4
1982-9-2,10
1982-9-3,10.5
1982-9-4,5
1982-9-5,4.5
1982-9-6,8.2
1982-9-7,4.3
1982-9-8,9.8
1982-9-9,5.8
1982-9-10,5
1982-9-11,8.5
1982-9-12,9
1982-9-13,3.6
1982-9-14,6.7
1982-9-15,6.7
1982-9-16,10.1
1982-9-17,15
1982-9-18,8.9
1982-9-19,5.7
1982-9-20,4.2
1982-9-21,4
1982-9-22,5.3
1982-9-23,6.3
1982-9-24,8.5
1982-9-25,11.5
1982-9-26,7.7
1982-9-27,9.2
1982-9-28,7.8
1982-9-29,6.3
1982-9-30,6.3
1982-10-1,8.6
1982-10-2,6.1
1982-10-3,13.2
1982-10-4,9.9
1982-10-5,4.7
1982-10-6,5.8
1982-10-7,14.9
1982-10-8,10.7
1982-10-9,8.6
1982-10-10,9.4
1982-10-11,5.7
1982-10-12,10.9
1982-10-13,13.1
1982-10-14,10.4
1982-10-15,8.2
1982-10-16,9.8
1982-10-17,7.5
1982-10-18,5.8
1982-10-19,9.8
1982-10-20,7.9
1982-10-21,8.7
1982-10-22,10
1982-10-23,10.6
1982-10-24,8
1982-10-25,10.2
1982-10-26,15.1
1982-10-27,13.9
1982-10-28,9.2
1982-10-29,9
1982-10-30,13.2
1982-10-31,7
1982-11-1,10.6
1982-11-2,6.9
1982-11-3,9.5
1982-11-4,12.5
1982-11-5,13.6
1982-11-6,17.7
1982-11-7,16
1982-11-8,11.3
1982-11-9,10.5
1982-11-10,14.4
1982-11-11,10.3
1982-11-12,9
1982-11-13,11.1
1982-11-14,14.5
1982-11-15,18
1982-11-16,12.8
1982-11-17,10.7
1982-11-18,9.1
1982-11-19,8.7
1982-11-20,12.4
1982-11-21,12.6
1982-11-22,10.3
1982-11-23,13.7
1982-11-24,16
1982-11-25,15.8
1982-11-26,12.1
1982-11-27,12.5
1982-11-28,12.2
1982-11-29,13.7
1982-11-30,16.1
1982-12-1,15.5
1982-12-2,10.3
1982-12-3,10.5
1982-12-4,11
1982-12-5,11.9
1982-12-6,13
1982-12-7,12.2
1982-12-8,10.6
1982-12-9,13
1982-12-10,13
1982-12-11,12.2
1982-12-12,12.6
1982-12-13,18.7
1982-12-14,15.2
1982-12-15,15.3
1982-12-16,13.9
1982-12-17,15.8
1982-12-18,13
1982-12-19,13
1982-12-20,13.7
1982-12-21,12
1982-12-22,10.8
1982-12-23,15.6
1982-12-24,15.3
1982-12-25,13.9
1982-12-26,13
1982-12-27,15.3
1982-12-28,16.3
1982-12-29,15.8
1982-12-30,17.7
1982-12-31,16.3
1983-1-1,18.4
1983-1-2,15
1983-1-3,10.9
1983-1-4,11.4
1983-1-5,14.8
1983-1-6,12.1
1983-1-7,12.8
1983-1-8,16.2
1983-1-9,15.5
1983-1-10,13
1983-1-11,10.5
1983-1-12,9.1
1983-1-13,10.5
1983-1-14,11.8
1983-1-15,12.7
1983-1-16,12.7
1983-1-17,11.5
1983-1-18,13.8
1983-1-19,13.3
1983-1-20,11.6
1983-1-21,15.4
1983-1-22,12.4
1983-1-23,16.9
1983-1-24,14.7
1983-1-25,10.6
1983-1-26,15.6
1983-1-27,10.7
1983-1-28,12.6
1983-1-29,13.8
1983-1-30,14.3
1983-1-31,14
1983-2-1,18.1
1983-2-2,17.3
1983-2-3,13
1983-2-4,16
1983-2-5,14.9
1983-2-6,16.2
1983-2-7,20.3
1983-2-8,22.5
1983-2-9,17.2
1983-2-10,15.9
1983-2-11,16.8
1983-2-12,13.8
1983-2-13,12.8
1983-2-14,14
1983-2-15,17.5
1983-2-16,21.5
1983-2-17,16.8
1983-2-18,13.6
1983-2-19,14.5
1983-2-20,14.2
1983-2-21,15.7
1983-2-22,19.7
1983-2-23,17.4
1983-2-24,14.4
1983-2-25,16.9
1983-2-26,19.1
1983-2-27,20.4
1983-2-28,20.1
1983-3-1,19.9
1983-3-2,22
1983-3-3,20.5
1983-3-4,22.1
1983-3-5,20.6
1983-3-6,15
1983-3-7,20.6
1983-3-8,21.5
1983-3-9,16.2
1983-3-10,14.1
1983-3-11,14.5
1983-3-12,21.1
1983-3-13,15.9
1983-3-14,15.2
1983-3-15,13.1
1983-3-16,13.2
1983-3-17,12.5
1983-3-18,15.2
1983-3-19,17.6
1983-3-20,15.5
1983-3-21,16.7
1983-3-22,16.3
1983-3-23,15.1
1983-3-24,12.7
1983-3-25,10
1983-3-26,11.4
1983-3-27,12.6
1983-3-28,10.7
1983-3-29,10
1983-3-30,13.9
1983-3-31,13.4
1983-4-1,12.5
1983-4-2,12.8
1983-4-3,7.8
1983-4-4,11.1
1983-4-5,10.7
1983-4-6,7.1
1983-4-7,6.7
1983-4-8,5.7
1983-4-9,9.1
1983-4-10,15.2
1983-4-11,15.5
1983-4-12,11.1
1983-4-13,11.7
1983-4-14,11.5
1983-4-15,9.8
1983-4-16,6.2
1983-4-17,6.7
1983-4-18,7.5
1983-4-19,8.8
1983-4-20,8
1983-4-21,10.4
1983-4-22,14.5
1983-4-23,16.5
1983-4-24,14.1
1983-4-25,10.5
1983-4-26,12.6
1983-4-27,13
1983-4-28,8.7
1983-4-29,10.1
1983-4-30,12
1983-5-1,12.5
1983-5-2,13.5
1983-5-3,13.7
1983-5-4,13.5
1983-5-5,10.7
1983-5-6,13
1983-5-7,11.6
1983-5-8,13
1983-5-9,11.2
1983-5-10,13.5
1983-5-11,12.9
1983-5-12,6.8
1983-5-13,10
1983-5-14,14.5
1983-5-15,11.7
1983-5-16,6.7
1983-5-17,4.6
1983-5-18,4.9
1983-5-19,7.4
1983-5-20,8.3
1983-5-21,7.5
1983-5-22,6.2
1983-5-23,7.8
1983-5-24,13.2
1983-5-25,11.9
1983-5-26,6.5
1983-5-27,8.3
1983-5-28,12.1
1983-5-29,9.3
1983-5-30,7.5
1983-5-31,9.3
1983-6-1,11
1983-6-2,10.8
1983-6-3,5.3
1983-6-4,7.6
1983-6-5,5.6
1983-6-6,7.2
1983-6-7,9.6
1983-6-8,7
1983-6-9,8.3
1983-6-10,7.8
1983-6-11,4.7
1983-6-12,6.8
1983-6-13,7.2
1983-6-14,8.3
1983-6-15,9.5
1983-6-16,4.7
1983-6-17,3
1983-6-18,1.5
1983-6-19,2.5
1983-6-20,6.2
1983-6-21,11.6
1983-6-22,6.6
1983-6-23,6.6
1983-6-24,8
1983-6-25,7.9
1983-6-26,3.3
1983-6-27,3.9
1983-6-28,6
1983-6-29,4
1983-6-30,5.5
1983-7-1,8.5
1983-7-2,9.8
1983-7-3,9.5
1983-7-4,7.2
1983-7-5,8.1
1983-7-6,8
1983-7-7,8.5
1983-7-8,8.8
1983-7-9,8.3
1983-7-10,2.4
1983-7-11,4.9
1983-7-12,5.9
1983-7-13,6.7
1983-7-14,8.4
1983-7-15,6.5
1983-7-16,7.9
1983-7-17,4.1
1983-7-18,5.4
1983-7-19,7.5
1983-7-20,3.9
1983-7-21,2.5
1983-7-22,5.3
1983-7-23,6.6
1983-7-24,0
1983-7-25,0.7
1983-7-26,7.6
1983-7-27,12.3
1983-7-28,9.2
1983-7-29,9.6
1983-7-30,9.5
1983-7-31,10
1983-8-1,7.7
1983-8-2,8
1983-8-3,8.3
1983-8-4,8.3
1983-8-5,4.5
1983-8-6,6.5
1983-8-7,9.4
1983-8-8,9.4
1983-8-9,10.5
1983-8-10,10.7
1983-8-11,9.9
1983-8-12,7.6
1983-8-13,5.8
1983-8-14,8.5
1983-8-15,13.8
1983-8-16,14.3
1983-8-17,8.3
1983-8-18,5.3
1983-8-19,3
1983-8-20,5.2
1983-8-21,10.3
1983-8-22,11.1
1983-8-23,10.5
1983-8-24,9
1983-8-25,13
1983-8-26,6.4
1983-8-27,8.4
1983-8-28,6.7
1983-8-29,8.3
1983-8-30,11.2
1983-8-31,10
1983-9-1,10.1
1983-9-2,10.6
1983-9-3,10.9
1983-9-4,5.7
1983-9-5,9.5
1983-9-6,10.4
1983-9-7,11.1
1983-9-8,12.2
1983-9-9,10.6
1983-9-10,8.8
1983-9-11,9.2
1983-9-12,5.5
1983-9-13,7.1
1983-9-14,6.5
1983-9-15,4.3
1983-9-16,5
1983-9-17,11.2
1983-9-18,7.5
1983-9-19,12
1983-9-20,13.6
1983-9-21,8.3
1983-9-22,8.5
1983-9-23,12.9
1983-9-24,7.7
1983-9-25,7.6
1983-9-26,3.5
1983-9-27,10.4
1983-9-28,15.4
1983-9-29,10.6
1983-9-30,9.6
1983-10-1,9.3
1983-10-2,13.9
1983-10-3,7.7
1983-10-4,9.5
1983-10-5,7.6
1983-10-6,6.9
1983-10-7,6.8
1983-10-8,5.8
1983-10-9,6
1983-10-10,8.3
1983-10-11,9.1
1983-10-12,12.5
1983-10-13,13.2
1983-10-14,16.2
1983-10-15,12.5
1983-10-16,11.8
1983-10-17,10.6
1983-10-18,10
1983-10-19,12.2
1983-10-20,8.9
1983-10-21,10.3
1983-10-22,7.5
1983-10-23,11.6
1983-10-24,12.6
1983-10-25,12.9
1983-10-26,11.7
1983-10-27,14
1983-10-28,12.3
1983-10-29,9
1983-10-30,9.2
1983-10-31,9.8
1983-11-1,11.8
1983-11-2,10.6
1983-11-3,12.6
1983-11-4,11
1983-11-5,8.2
1983-11-6,7.5
1983-11-7,13.6
1983-11-8,14.8
1983-11-9,10.9
1983-11-10,7.7
1983-11-11,10.2
1983-11-12,10.8
1983-11-13,10.8
1983-11-14,12.5
1983-11-15,13.2
1983-11-16,8.7
1983-11-17,5.7
1983-11-18,9.8
1983-11-19,7.3
1983-11-20,10.8
1983-11-21,10
1983-11-22,16.2
1983-11-23,15
1983-11-24,14.5
1983-11-25,15.9
1983-11-26,14.9
1983-11-27,14.2
1983-11-28,15.8
1983-11-29,17.2
1983-11-30,17.6
1983-12-1,12.1
1983-12-2,11.4
1983-12-3,13
1983-12-4,13.2
1983-12-5,12
1983-12-6,15.3
1983-12-7,12.7
1983-12-8,12.1
1983-12-9,13.8
1983-12-10,10.9
1983-12-11,12
1983-12-12,16.5
1983-12-13,15
1983-12-14,11.2
1983-12-15,13.9
1983-12-16,15
1983-12-17,14.8
1983-12-18,15
1983-12-19,13.3
1983-12-20,20.4
1983-12-21,18
1983-12-22,12.2
1983-12-23,16.7
1983-12-24,13.8
1983-12-25,17.5
1983-12-26,15
1983-12-27,13.9
1983-12-28,11.1
1983-12-29,16.1
1983-12-30,20.4
1983-12-31,18
1984-1-1,19.5
1984-1-2,17.1
1984-1-3,17.1
1984-1-4,12
1984-1-5,11
1984-1-6,16.3
1984-1-7,16.1
1984-1-8,13
1984-1-9,13.4
1984-1-10,15.2
1984-1-11,12.5
1984-1-12,14.3
1984-1-13,16.5
1984-1-14,18.6
1984-1-15,18
1984-1-16,18.2
1984-1-17,11.4
1984-1-18,11.9
1984-1-19,12.2
1984-1-20,14.8
1984-1-21,13.1
1984-1-22,12.7
1984-1-23,10.5
1984-1-24,13.8
1984-1-25,18.8
1984-1-26,13.9
1984-1-27,11.2
1984-1-28,10.6
1984-1-29,14.7
1984-1-30,13.1
1984-1-31,12.1
1984-2-1,14.7
1984-2-2,11.1
1984-2-3,13
1984-2-4,15.6
1984-2-5,14.2
1984-2-6,15.5
1984-2-7,18
1984-2-8,15
1984-2-9,15.9
1984-2-10,15.5
1984-2-11,15.8
1984-2-12,16.6
1984-2-13,13.6
1984-2-14,13.8
1984-2-15,14.6
1984-2-16,15.6
1984-2-17,16.6
1984-2-18,14.3
1984-2-19,16.3
1984-2-20,18.9
1984-2-21,18.7
1984-2-22,14.5
1984-2-23,16.5
1984-2-24,14.1
1984-2-25,13.5
1984-2-26,11.7
1984-2-27,15.1
1984-2-28,11.2
1984-2-29,13.5
1984-3-1,12.6
1984-3-2,8.8
1984-3-3,10.5
1984-3-4,12.1
1984-3-5,14.5
1984-3-6,19.5
1984-3-7,14
1984-3-8,13.8
1984-3-9,10.5
1984-3-10,13.8
1984-3-11,11.4
1984-3-12,15.6
1984-3-13,11.1
1984-3-14,12.1
1984-3-15,14.2
1984-3-16,10.9
1984-3-17,14.2
1984-3-18,13.8
1984-3-19,15.1
1984-3-20,14
1984-3-21,12.1
1984-3-22,13.8
1984-3-23,16.6
1984-3-24,17.8
1984-3-25,9.4
1984-3-26,10.2
1984-3-27,7.4
1984-3-28,8.7
1984-3-29,14
1984-3-30,15.3
1984-3-31,11.1
1984-4-1,9.7
1984-4-2,10.3
1984-4-3,9.2
1984-4-4,8.2
1984-4-5,9.7
1984-4-6,12.4
1984-4-7,12.5
1984-4-8,9
1984-4-9,9.7
1984-4-10,10.1
1984-4-11,11.2
1984-4-12,12
1984-4-13,11.1
1984-4-14,10.8
1984-4-15,12.8
1984-4-16,9.8
1984-4-17,13.7
1984-4-18,11
1984-4-19,13.2
1984-4-20,13
1984-4-21,10.2
1984-4-22,13.2
1984-4-23,9.3
1984-4-24,11.1
1984-4-25,10.3
1984-4-26,8.7
1984-4-27,11.7
1984-4-28,12.5
1984-4-29,6.5
1984-4-30,9.6
1984-5-1,13.8
1984-5-2,14.7
1984-5-3,9.1
1984-5-4,4.8
1984-5-5,3.3
1984-5-6,3.5
1984-5-7,5.7
1984-5-8,5.5
1984-5-9,7
1984-5-10,9.5
1984-5-11,9.9
1984-5-12,4.9
1984-5-13,6.3
1984-5-14,4.8
1984-5-15,6.2
1984-5-16,7.1
1984-5-17,7.5
1984-5-18,9.4
1984-5-19,8.7
1984-5-20,9.5
1984-5-21,12.1
1984-5-22,9.5
1984-5-23,9.3
1984-5-24,8.5
1984-5-25,8
1984-5-26,9.8
1984-5-27,6.2
1984-5-28,7.3
1984-5-29,10.9
1984-5-30,10
1984-5-31,8.7
1984-6-1,9
1984-6-2,10.8
1984-6-3,12.4
1984-6-4,7.2
1984-6-5,7.2
1984-6-6,11.1
1984-6-7,9.3
1984-6-8,10.1
1984-6-9,3.9
1984-6-10,5
1984-6-11,8.2
1984-6-12,2.8
1984-6-13,4.3
1984-6-14,8.1
1984-6-15,11.1
1984-6-16,4.7
1984-6-17,5.3
1984-6-18,10
1984-6-19,5.6
1984-6-20,2.2
1984-6-21,7.1
1984-6-22,8.3
1984-6-23,8.6
1984-6-24,10.1
1984-6-25,8.3
1984-6-26,7.2
1984-6-27,7.7
1984-6-28,7.8
1984-6-29,9.1
1984-6-30,9.4
1984-7-1,7.8
1984-7-2,2.6
1984-7-3,2.4
1984-7-4,3.9
1984-7-5,1.3
1984-7-6,2.1
1984-7-7,7.4
1984-7-8,7.2
1984-7-9,8.8
1984-7-10,8.9
1984-7-11,8.8
1984-7-12,8
1984-7-13,0.7
1984-7-14,?0.1
1984-7-15,0.9
1984-7-16,7.8
1984-7-17,7.2
1984-7-18,8
1984-7-19,4.6
1984-7-20,5.2
1984-7-21,5.8
1984-7-22,6.8
1984-7-23,8.1
1984-7-24,7.5
1984-7-25,5.4
1984-7-26,4.6
1984-7-27,6.4
1984-7-28,9.7
1984-7-29,7
1984-7-30,10
1984-7-31,10.6
1984-8-1,11.5
1984-8-2,10.2
1984-8-3,11.1
1984-8-4,11
1984-8-5,8.9
1984-8-6,9.9
1984-8-7,11.7
1984-8-8,11.6
1984-8-9,9
1984-8-10,6.3
1984-8-11,8.7
1984-8-12,8.5
1984-8-13,8.5
1984-8-14,8
1984-8-15,6
1984-8-16,8
1984-8-17,8.5
1984-8-18,7.7
1984-8-19,8.4
1984-8-20,9
1984-8-21,8.3
1984-8-22,6.8
1984-8-23,9.3
1984-8-24,6.7
1984-8-25,9
1984-8-26,7.3
1984-8-27,6.3
1984-8-28,7.9
1984-8-29,5.2
1984-8-30,9
1984-8-31,11.3
1984-9-1,9.2
1984-9-2,11.3
1984-9-3,7
1984-9-4,8
1984-9-5,4.6
1984-9-6,8.5
1984-9-7,9.5
1984-9-8,9.4
1984-9-9,10.5
1984-9-10,9.7
1984-9-11,4.9
1984-9-12,8
1984-9-13,5.8
1984-9-14,5.5
1984-9-15,10.9
1984-9-16,11.7
1984-9-17,9.2
1984-9-18,8.9
1984-9-19,11.3
1984-9-20,8.6
1984-9-21,6.2
1984-9-22,6.6
1984-9-23,9.1
1984-9-24,6.1
1984-9-25,7.5
1984-9-26,10.7
1984-9-27,6.3
1984-9-28,5.5
1984-9-29,6.7
1984-9-30,4.2
1984-10-1,11.3
1984-10-2,16.3
1984-10-3,10.5
1984-10-4,10.3
1984-10-5,7.9
1984-10-6,7.7
1984-10-7,16
1984-10-8,14.6
1984-10-9,12.5
1984-10-10,8.1
1984-10-11,12.2
1984-10-12,17.2
1984-10-13,9.4
1984-10-14,8.7
1984-10-15,5.9
1984-10-16,4.8
1984-10-17,7.4
1984-10-18,9.4
1984-10-19,9.7
1984-10-20,9.9
1984-10-21,6.5
1984-10-22,9.8
1984-10-23,18.2
1984-10-24,11.3
1984-10-25,9.1
1984-10-26,9.6
1984-10-27,13.5
1984-10-28,10.7
1984-10-29,10
1984-10-30,8.5
1984-10-31,12.6
1984-11-1,16.6
1984-11-2,11.6
1984-11-3,12.2
1984-11-4,11.2
1984-11-5,9.2
1984-11-6,9.9
1984-11-7,11.9
1984-11-8,15.6
1984-11-9,19
1984-11-10,12.8
1984-11-11,12.2
1984-11-12,12
1984-11-13,11.1
1984-11-14,11.8
1984-11-15,7.6
1984-11-16,13
1984-11-17,12.7
1984-11-18,16
1984-11-19,14.8
1984-11-20,14.2
1984-11-21,10
1984-11-22,8.8
1984-11-23,11.6
1984-11-24,8.6
1984-11-25,14.6
1984-11-26,24.3
1984-11-27,11.6
1984-11-28,10.8
1984-11-29,12
1984-11-30,11
1984-12-1,12.6
1984-12-2,10.8
1984-12-3,9.1
1984-12-4,11
1984-12-5,13
1984-12-6,12.8
1984-12-7,9.9
1984-12-8,11.6
1984-12-9,10.5
1984-12-10,15.9
1984-12-11,12.2
1984-12-12,13
1984-12-13,12.5
1984-12-14,12.5
1984-12-15,11.4
1984-12-16,12.1
1984-12-17,16.8
1984-12-18,12.1
1984-12-19,11.3
1984-12-20,10.4
1984-12-21,14.2
1984-12-22,11.4
1984-12-23,13.7
1984-12-24,16.5
1984-12-25,12.8
1984-12-26,12.2
1984-12-27,12
1984-12-28,12.6
1984-12-29,16
1984-12-30,16.4
1985-1-1,13.3
1985-1-2,15.2
1985-1-3,13.1
1985-1-4,12.7
1985-1-5,14.6
1985-1-6,11
1985-1-7,13.2
1985-1-8,12.2
1985-1-9,14.4
1985-1-10,13.7
1985-1-11,14.5
1985-1-12,14.1
1985-1-13,14.4
1985-1-14,19.7
1985-1-15,16.5
1985-1-16,15.9
1985-1-17,11.8
1985-1-18,12
1985-1-19,11.4
1985-1-20,14.4
1985-1-21,12.4
1985-1-22,15.1
1985-1-23,15.6
1985-1-24,15.2
1985-1-25,12.8
1985-1-26,13.3
1985-1-27,17.5
1985-1-28,15.4
1985-1-29,13.5
1985-1-30,16.7
1985-1-31,15.2
1985-2-1,14.9
1985-2-2,10.2
1985-2-3,13.6
1985-2-4,19
1985-2-5,15.7
1985-2-6,18
1985-2-7,14.8
1985-2-8,13.9
1985-2-9,13
1985-2-10,15.3
1985-2-11,14.3
1985-2-12,15.6
1985-2-13,16
1985-2-14,14.9
1985-2-15,11.1
1985-2-16,14.8
1985-2-17,13
1985-2-18,12.2
1985-2-19,10.9
1985-2-20,14.6
1985-2-21,16.6
1985-2-22,18.1
1985-2-23,13.4
1985-2-24,10.3
1985-2-25,13.6
1985-2-26,13.8
1985-2-27,10.3
1985-2-28,11
1985-3-1,14.3
1985-3-2,15.5
1985-3-3,14.7
1985-3-4,12.7
1985-3-5,10.7
1985-3-6,12.6
1985-3-7,9.8
1985-3-8,13.2
1985-3-9,15.2
1985-3-10,16.6
1985-3-11,21
1985-3-12,22.4
1985-3-13,17
1985-3-14,21.7
1985-3-15,21.4
1985-3-16,18.6
1985-3-17,16.2
1985-3-18,16.8
1985-3-19,17
1985-3-20,18.4
1985-3-21,17.2
1985-3-22,18.4
1985-3-23,18.8
1985-3-24,16.5
1985-3-25,13.3
1985-3-26,12.2
1985-3-27,11.3
1985-3-28,13.8
1985-3-29,16.6
1985-3-30,14
1985-3-31,14.3
1985-4-1,16.4
1985-4-2,11.9
1985-4-3,15.7
1985-4-4,17.6
1985-4-5,17.5
1985-4-6,15.9
1985-4-7,16.2
1985-4-8,16
1985-4-9,15.9
1985-4-10,16.2
1985-4-11,16.2
1985-4-12,19.5
1985-4-13,18.2
1985-4-14,21.8
1985-4-15,15.1
1985-4-16,11
1985-4-17,8.1
1985-4-18,9.5
1985-4-19,9.3
1985-4-20,10.6
1985-4-21,6.3
1985-4-22,8.6
1985-4-23,6.8
1985-4-24,8.7
1985-4-25,8.4
1985-4-26,9.3
1985-4-27,10
1985-4-28,10.5
1985-4-29,12
1985-4-30,10.1
1985-5-1,9.4
1985-5-2,10.1
1985-5-3,8
1985-5-4,10.6
1985-5-5,13.6
1985-5-6,15.4
1985-5-7,9
1985-5-8,10.4
1985-5-9,11
1985-5-10,12.1
1985-5-11,13.4
1985-5-12,11.3
1985-5-13,6.7
1985-5-14,9.8
1985-5-15,10.8
1985-5-16,7.8
1985-5-17,4.5
1985-5-18,7.6
1985-5-19,6.9
1985-5-20,7.5
1985-5-21,8.5
1985-5-22,5.5
1985-5-23,9.5
1985-5-24,7.3
1985-5-25,5.4
1985-5-26,5.5
1985-5-27,8.1
1985-5-28,11.2
1985-5-29,13.4
1985-5-30,11.6
1985-5-31,10.1
1985-6-1,4.3
1985-6-2,5.5
1985-6-3,4.4
1985-6-4,5.9
1985-6-5,5.7
1985-6-6,8.2
1985-6-7,8.2
1985-6-8,4.2
1985-6-9,6.5
1985-6-10,10
1985-6-11,8.8
1985-6-12,6.6
1985-6-13,7.8
1985-6-14,10.1
1985-6-15,7.1
1985-6-16,7.7
1985-6-17,8.5
1985-6-18,7.3
1985-6-19,6.9
1985-6-20,8.4
1985-6-21,7.1
1985-6-22,6.3
1985-6-23,0.6
1985-6-24,1.6
1985-6-25,7
1985-6-26,8.3
1985-6-27,8
1985-6-28,10.2
1985-6-29,10.6
1985-6-30,10.4
1985-7-1,11.6
1985-7-2,11
1985-7-3,10.7
1985-7-4,7.3
1985-7-5,4.2
1985-7-6,4.7
1985-7-7,5.6
1985-7-8,7.7
1985-7-9,7.5
1985-7-10,4.9
1985-7-11,5.9
1985-7-12,7.8
1985-7-13,5.8
1985-7-14,7
1985-7-15,8.4
1985-7-16,6.2
1985-7-17,7.5
1985-7-18,4.8
1985-7-19,3.3
1985-7-20,3.2
1985-7-21,7
1985-7-22,8.4
1985-7-23,0.3
1985-7-24,0.3
1985-7-25,2.1
1985-7-26,8.5
1985-7-27,1.4
1985-7-28,4.1
1985-7-29,10.3
1985-7-30,6.6
1985-7-31,6.1
1985-8-1,7
1985-8-2,5.1
1985-8-3,6.3
1985-8-4,6.9
1985-8-5,11.4
1985-8-6,10.4
1985-8-7,10.3
1985-8-8,9.2
1985-8-9,7.2
1985-8-10,7.5
1985-8-11,4
1985-8-12,5.6
1985-8-13,6.7
1985-8-14,8.4
1985-8-15,11
1985-8-16,8.4
1985-8-17,8.8
1985-8-18,8.6
1985-8-19,8.3
1985-8-20,4
1985-8-21,3.6
1985-8-22,5.7
1985-8-23,10.6
1985-8-24,6.9
1985-8-25,10
1985-8-26,9.8
1985-8-27,7.2
1985-8-28,10.5
1985-8-29,3.6
1985-8-30,5.3
1985-8-31,8.4
1985-9-1,10.3
1985-9-2,7.9
1985-9-3,8.5
1985-9-4,7.9
1985-9-5,8
1985-9-6,9.8
1985-9-7,6.7
1985-9-8,4.8
1985-9-9,9.9
1985-9-10,12.8
1985-9-11,10.9
1985-9-12,11.7
1985-9-13,11.7
1985-9-14,11
1985-9-15,8.2
1985-9-16,7.5
1985-9-17,5.4
1985-9-18,7.2
1985-9-19,9.7
1985-9-20,8.4
1985-9-21,9
1985-9-22,8.7
1985-9-23,6.6
1985-9-24,11.6
1985-9-25,13.1
1985-9-26,6.7
1985-9-27,6.5
1985-9-28,7.7
1985-9-29,8.7
1985-9-30,7.2
1985-10-1,10.5
1985-10-2,8.6
1985-10-3,7.2
1985-10-4,11.4
1985-10-5,16.2
1985-10-6,6.1
1985-10-7,9.6
1985-10-8,11.1
1985-10-9,13.6
1985-10-10,10.7
1985-10-11,14.7
1985-10-12,11.6
1985-10-13,7.3
1985-10-14,8
1985-10-15,9.6
1985-10-16,16
1985-10-17,15.1
1985-10-18,12.8
1985-10-19,6.2
1985-10-20,7.1
1985-10-21,8.4
1985-10-22,10
1985-10-23,12.7
1985-10-24,10
1985-10-25,10.2
1985-10-26,6.5
1985-10-27,9.2
1985-10-28,11.9
1985-10-29,14.7
1985-10-30,11.4
1985-10-31,6.8
1985-11-1,7.4
1985-11-2,11.2
1985-11-3,9.2
1985-11-4,12.6
1985-11-5,16
1985-11-6,17.1
1985-11-7,15.3
1985-11-8,13.3
1985-11-9,15.4
1985-11-10,13.2
1985-11-11,14.4
1985-11-12,14
1985-11-13,15.5
1985-11-14,21
1985-11-15,10
1985-11-16,9.6
1985-11-17,12
1985-11-18,12.2
1985-11-19,11.3
1985-11-20,13.2
1985-11-21,10.5
1985-11-22,10.1
1985-11-23,8.8
1985-11-24,13.7
1985-11-25,16.2
1985-11-26,16
1985-11-27,14
1985-11-28,13.7
1985-11-29,12.5
1985-11-30,12.8
1985-12-1,12.3
1985-12-2,15.2
1985-12-3,15
1985-12-4,16.4
1985-12-5,16.1
1985-12-6,14.6
1985-12-7,18.2
1985-12-8,16.4
1985-12-9,16.6
1985-12-10,14.7
1985-12-11,15.8
1985-12-12,14.1
1985-12-13,13.5
1985-12-14,13.6
1985-12-15,13.7
1985-12-16,13.6
1985-12-17,12.1
1985-12-18,12.7
1985-12-19,13.3
1985-12-20,14.2
1985-12-21,15
1985-12-22,13.7
1985-12-23,12
1985-12-24,13.1
1985-12-25,13.2
1985-12-26,13.3
1985-12-27,11.5
1985-12-28,10.8
1985-12-29,12
1985-12-30,16.3
1985-12-31,14.4
1986-1-1,12.9
1986-1-2,13.8
1986-1-3,10.6
1986-1-4,12.6
1986-1-5,13.7
1986-1-6,12.6
1986-1-7,13.1
1986-1-8,15.4
1986-1-9,11.9
1986-1-10,13.8
1986-1-11,14.4
1986-1-12,15.2
1986-1-13,12.5
1986-1-14,12.2
1986-1-15,16.1
1986-1-16,14.6
1986-1-17,11.6
1986-1-18,13.1
1986-1-19,12.8
1986-1-20,15.2
1986-1-21,13.8
1986-1-22,15
1986-1-23,13.5
1986-1-24,11.8
1986-1-25,15.3
1986-1-26,13.5
1986-1-27,15.3
1986-1-28,13.8
1986-1-29,15.8
1986-1-30,17.4
1986-1-31,15.3
1986-2-1,14.6
1986-2-2,14.8
1986-2-3,10.7
1986-2-4,11.6
1986-2-5,13.6
1986-2-6,14.4
1986-2-7,11.8
1986-2-8,15.8
1986-2-9,16
1986-2-10,11.8
1986-2-11,14.5
1986-2-12,10.7
1986-2-13,14.2
1986-2-14,19.5
1986-2-15,21.4
1986-2-16,17.9
1986-2-17,17.4
1986-2-18,12.7
1986-2-19,13.8
1986-2-20,14
1986-2-21,15
1986-2-22,14.5
1986-2-23,13.1
1986-2-24,11.4
1986-2-25,12.5
1986-2-26,12
1986-2-27,13.4
1986-2-28,14.4
1986-3-1,17.7
1986-3-2,13.9
1986-3-3,13.3
1986-3-4,14.6
1986-3-5,16.4
1986-3-6,16.8
1986-3-7,20
1986-3-8,12.5
1986-3-9,12.7
1986-3-10,11.7
1986-3-11,12.7
1986-3-12,8.6
1986-3-13,11.9
1986-3-14,16
1986-3-15,15.2
1986-3-16,13.4
1986-3-17,11.6
1986-3-18,11.1
1986-3-19,15.6
1986-3-20,17
1986-3-21,18.5
1986-3-22,17.4
1986-3-23,16.5
1986-3-24,16.2
1986-3-25,16.1
1986-3-26,13.2
1986-3-27,18
1986-3-28,12.8
1986-3-29,11.7
1986-3-30,16.7
1986-3-31,15.6
1986-4-1,10.2
1986-4-2,10.3
1986-4-3,15
1986-4-4,18
1986-4-5,13.8
1986-4-6,10.5
1986-4-7,11.8
1986-4-8,7.2
1986-4-9,11.6
1986-4-10,7.4
1986-4-11,14.2
1986-4-12,12.2
1986-4-13,9
1986-4-14,12.3
1986-4-15,19.7
1986-4-16,12.8
1986-4-17,12.4
1986-4-18,12
1986-4-19,12
1986-4-20,11.1
1986-4-21,12.7
1986-4-22,14.2
1986-4-23,11.6
1986-4-24,12
1986-4-25,11.5
1986-4-26,8.3
1986-4-27,10.5
1986-4-28,9
1986-4-29,6.9
1986-4-30,9.4
1986-5-1,11.1
1986-5-2,9.1
1986-5-3,7.7
1986-5-4,10
1986-5-5,10.4
1986-5-6,8
1986-5-7,9.8
1986-5-8,12.4
1986-5-9,12.9
1986-5-10,12.3
1986-5-11,6.9
1986-5-12,10.5
1986-5-13,11
1986-5-14,9.7
1986-5-15,11.1
1986-5-16,11.5
1986-5-17,13.4
1986-5-18,10.9
1986-5-19,12
1986-5-20,12.1
1986-5-21,10.4
1986-5-22,10
1986-5-23,9.6
1986-5-24,11.3
1986-5-25,8.5
1986-5-26,6.3
1986-5-27,8.2
1986-5-28,10.7
1986-5-29,10.3
1986-5-30,9.5
1986-5-31,10.9
1986-6-1,10.9
1986-6-2,4.3
1986-6-3,5.2
1986-6-4,11
1986-6-5,11.6
1986-6-6,10.6
1986-6-7,9.4
1986-6-8,10
1986-6-9,9.6
1986-6-10,9.5
1986-6-11,9.7
1986-6-12,9.6
1986-6-13,7
1986-6-14,7
1986-6-15,6.8
1986-6-16,6.9
1986-6-17,8
1986-6-18,7.6
1986-6-19,8.6
1986-6-20,5.7
1986-6-21,5.5
1986-6-22,5.7
1986-6-23,5.7
1986-6-24,6.6
1986-6-25,6
1986-6-26,6.9
1986-6-27,7.7
1986-6-28,8
1986-6-29,3.9
1986-6-30,0.8
1986-7-1,2.8
1986-7-2,8
1986-7-3,9.8
1986-7-4,11.4
1986-7-5,8.6
1986-7-6,5.2
1986-7-7,6.6
1986-7-8,5.7
1986-7-9,4.6
1986-7-10,5.8
1986-7-11,7
1986-7-12,4.8
1986-7-13,4.4
1986-7-14,4.4
1986-7-15,7.9
1986-7-16,10.6
1986-7-17,5
1986-7-18,7.6
1986-7-19,9.2
1986-7-20,9.7
1986-7-21,8.8
1986-7-22,6.8
1986-7-23,9.4
1986-7-24,11
1986-7-25,2.5
1986-7-26,2.1
1986-7-27,5.4
1986-7-28,6.2
1986-7-29,7.8
1986-7-30,7.4
1986-7-31,9.3
1986-8-1,9.3
1986-8-2,9.5
1986-8-3,8.5
1986-8-4,10
1986-8-5,7.7
1986-8-6,9.3
1986-8-7,9.1
1986-8-8,3.5
1986-8-9,3.6
1986-8-10,2.5
1986-8-11,1.7
1986-8-12,2.7
1986-8-13,2.9
1986-8-14,5.3
1986-8-15,7.7
1986-8-16,9.1
1986-8-17,9.4
1986-8-18,7.3
1986-8-19,8.4
1986-8-20,9.2
1986-8-21,6.6
1986-8-22,9.7
1986-8-23,12.4
1986-8-24,10.2
1986-8-25,5.9
1986-8-26,7.1
1986-8-27,7.5
1986-8-28,9.7
1986-8-29,12.2
1986-8-30,5.6
1986-8-31,5.4
1986-9-1,8.3
1986-9-2,10.6
1986-9-3,9.1
1986-9-4,11.3
1986-9-5,10.9
1986-9-6,8.9
1986-9-7,6.3
1986-9-8,9
1986-9-9,6.1
1986-9-10,9.1
1986-9-11,9.6
1986-9-12,6
1986-9-13,10
1986-9-14,11
1986-9-15,6.2
1986-9-16,8.3
1986-9-17,11.3
1986-9-18,11.3
1986-9-19,6.7
1986-9-20,6.6
1986-9-21,11.4
1986-9-22,6.9
1986-9-23,10.6
1986-9-24,8.6
1986-9-25,11.3
1986-9-26,12.5
1986-9-27,9.9
1986-9-28,6.9
1986-9-29,5.5
1986-9-30,7.8
1986-10-1,11
1986-10-2,16.2
1986-10-3,9.9
1986-10-4,8.7
1986-10-5,10.5
1986-10-6,12.2
1986-10-7,10.6
1986-10-8,8.3
1986-10-9,5.5
1986-10-10,9
1986-10-11,6.4
1986-10-12,7.2
1986-10-13,12.9
1986-10-14,12
1986-10-15,7.3
1986-10-16,9.7
1986-10-17,8.4
1986-10-18,14.7
1986-10-19,9.5
1986-10-20,7.9
1986-10-21,6.8
1986-10-22,12.6
1986-10-23,5.2
1986-10-24,7.5
1986-10-25,8.7
1986-10-26,7.6
1986-10-27,9
1986-10-28,7.2
1986-10-29,10.7
1986-10-30,13.1
1986-10-31,13.9
1986-11-1,10.8
1986-11-2,10.4
1986-11-3,9.1
1986-11-4,16
1986-11-5,21
1986-11-6,16.2
1986-11-7,8.6
1986-11-8,9.2
1986-11-9,12.5
1986-11-10,9.7
1986-11-11,12.5
1986-11-12,10.3
1986-11-13,12
1986-11-14,11
1986-11-15,14.8
1986-11-16,15
1986-11-17,15.3
1986-11-18,10.3
1986-11-19,10.7
1986-11-20,10.5
1986-11-21,8.9
1986-11-22,8.1
1986-11-23,11.5
1986-11-24,12.8
1986-11-25,9.1
1986-11-26,14.6
1986-11-27,11.6
1986-11-28,11.2
1986-11-29,12.6
1986-11-30,7.5
1986-12-1,11
1986-12-2,14.5
1986-12-3,18.5
1986-12-4,15.4
1986-12-5,13.1
1986-12-6,16.3
1986-12-7,20.2
1986-12-8,11.5
1986-12-9,12.4
1986-12-10,10.9
1986-12-11,12.7
1986-12-12,12.2
1986-12-13,12.4
1986-12-14,9.8
1986-12-15,8.5
1986-12-16,14.7
1986-12-17,12
1986-12-18,10.3
1986-12-19,11
1986-12-20,10.2
1986-12-21,12.6
1986-12-22,11.6
1986-12-23,9.7
1986-12-24,13.4
1986-12-25,10.5
1986-12-26,14.7
1986-12-27,14.6
1986-12-28,14.2
1986-12-29,13.2
1986-12-30,11.7
1986-12-31,17.2
1987-1-1,12.3
1987-1-2,13.8
1987-1-3,15.3
1987-1-4,15.6
1987-1-5,16.2
1987-1-6,16.3
1987-1-7,16.8
1987-1-8,11
1987-1-9,8.5
1987-1-10,13.2
1987-1-11,13
1987-1-12,12.4
1987-1-13,13
1987-1-14,16.6
1987-1-15,12
1987-1-16,12.4
1987-1-17,15
1987-1-18,11.8
1987-1-19,11.6
1987-1-20,12.2
1987-1-21,13.7
1987-1-22,11.2
1987-1-23,12.4
1987-1-24,11.5
1987-1-25,13.8
1987-1-26,15.7
1987-1-27,12.9
1987-1-28,11.5
1987-1-29,11
1987-1-30,12.7
1987-1-31,14.9
1987-2-1,16.5
1987-2-2,12.8
1987-2-3,12.7
1987-2-4,12.7
1987-2-5,11.6
1987-2-6,13.3
1987-2-7,15.2
1987-2-8,16.4
1987-2-9,11.9
1987-2-10,15.1
1987-2-11,10.6
1987-2-12,13.6
1987-2-13,12.1
1987-2-14,16
1987-2-15,16.8
1987-2-16,16.6
1987-2-17,15.6
1987-2-18,15.2
1987-2-19,17.7
1987-2-20,21
1987-2-21,13.4
1987-2-22,10.5
1987-2-23,9.5
1987-2-24,12
1987-2-25,10.4
1987-2-26,11.5
1987-2-27,13.2
1987-2-28,15
1987-3-1,14.1
1987-3-2,12.4
1987-3-3,13.4
1987-3-4,12.5
1987-3-5,14.3
1987-3-6,17.6
1987-3-7,10.4
1987-3-8,9.9
1987-3-9,10.2
1987-3-10,11.3
1987-3-11,9.5
1987-3-12,11.8
1987-3-13,11.5
1987-3-14,10.5
1987-3-15,10.8
1987-3-16,13
1987-3-17,18.5
1987-3-18,18.7
1987-3-19,15
1987-3-20,13
1987-3-21,11.3
1987-3-22,13
1987-3-23,13.3
1987-3-24,11
1987-3-25,10.3
1987-3-26,13
1987-3-27,12.3
1987-3-28,15.6
1987-3-29,10.2
1987-3-30,10.8
1987-3-31,12
1987-4-1,13.3
1987-4-2,11.7
1987-4-3,12.5
1987-4-4,13.7
1987-4-5,14.9
1987-4-6,20.2
1987-4-7,16.3
1987-4-8,13.9
1987-4-9,10.1
1987-4-10,7.3
1987-4-11,14
1987-4-12,17.7
1987-4-13,16.3
1987-4-14,10.6
1987-4-15,9.7
1987-4-16,7.8
1987-4-17,10.4
1987-4-18,10.4
1987-4-19,14.1
1987-4-20,7.1
1987-4-21,8.1
1987-4-22,7.8
1987-4-23,10.6
1987-4-24,9.1
1987-4-25,9
1987-4-26,11.9
1987-4-27,17.1
1987-4-28,16.8
1987-4-29,13.5
1987-4-30,11.6
1987-5-1,7
1987-5-2,9.7
1987-5-3,9.9
1987-5-4,11.2
1987-5-5,11.3
1987-5-6,11.8
1987-5-7,9.9
1987-5-8,7.1
1987-5-9,9.6
1987-5-10,9.8
1987-5-11,10.6
1987-5-12,12.8
1987-5-13,16.5
1987-5-14,11.7
1987-5-15,12.3
1987-5-16,12.2
1987-5-17,11.8
1987-5-18,10.7
1987-5-19,10.2
1987-5-20,10
1987-5-21,8.3
1987-5-22,6.6
1987-5-23,9.5
1987-5-24,12.3
1987-5-25,7.6
1987-5-26,9.3
1987-5-27,5
1987-5-28,4.3
1987-5-29,6.4
1987-5-30,10.8
1987-5-31,7.8
1987-6-1,8.5
1987-6-2,9.7
1987-6-3,10
1987-6-4,11
1987-6-5,10.2
1987-6-6,6.6
1987-6-7,6.1
1987-6-8,5.9
1987-6-9,8.9
1987-6-10,13
1987-6-11,12.6
1987-6-12,5.4
1987-6-13,6
1987-6-14,7.8
1987-6-15,9
1987-6-16,4.2
1987-6-17,3
1987-6-18,4.5
1987-6-19,6.2
1987-6-20,11.9
1987-6-21,11.8
1987-6-22,9.4
1987-6-23,9.6
1987-6-24,9.4
1987-6-25,7
1987-6-26,8.9
1987-6-27,9.3
1987-6-28,6.8
1987-6-29,7.5
1987-6-30,8
1987-7-1,8.3
1987-7-2,2.7
1987-7-3,3.9
1987-7-4,4.1
1987-7-5,5
1987-7-6,5.8
1987-7-7,4.4
1987-7-8,4.1
1987-7-9,5.8
1987-7-10,9.1
1987-7-11,7.9
1987-7-12,5
1987-7-13,2.8
1987-7-14,4.7
1987-7-15,8.9
1987-7-16,5.4
1987-7-17,7.1
1987-7-18,9
1987-7-19,9.4
1987-7-20,6.3
1987-7-21,7
1987-7-22,6.4
1987-7-23,6.7
1987-7-24,1.5
1987-7-25,2.9
1987-7-26,4.8
1987-7-27,6.3
1987-7-28,5.7
1987-7-29,7
1987-7-30,8.8
1987-7-31,8.7
1987-8-1,9
1987-8-2,9.6
1987-8-3,8
1987-8-4,8.4
1987-8-5,8.1
1987-8-6,9
1987-8-7,5.3
1987-8-8,8.9
1987-8-9,8.7
1987-8-10,4.9
1987-8-11,7
1987-8-12,7.5
1987-8-13,7
1987-8-14,9.1
1987-8-15,11.8
1987-8-16,9.9
1987-8-17,5.6
1987-8-18,4.2
1987-8-19,4.3
1987-8-20,8
1987-8-21,5.1
1987-8-22,9.4
1987-8-23,9.1
1987-8-24,9.7
1987-8-25,10.6
1987-8-26,8.6
1987-8-27,10.1
1987-8-28,11
1987-8-29,9.7
1987-8-30,5
1987-8-31,6.1
1987-9-1,5.4
1987-9-2,5.8
1987-9-3,7.3
1987-9-4,6.3
1987-9-5,4.8
1987-9-6,7.6
1987-9-7,8.1
1987-9-8,9.5
1987-9-9,10.3
1987-9-10,7
1987-9-11,9
1987-9-12,10.2
1987-9-13,6.8
1987-9-14,9.3
1987-9-15,9.8
1987-9-16,10.7
1987-9-17,7.8
1987-9-18,9.2
1987-9-19,15
1987-9-20,7.8
1987-9-21,5.3
1987-9-22,9.5
1987-9-23,7.6
1987-9-24,14
1987-9-25,14.9
1987-9-26,14.9
1987-9-27,19.2
1987-9-28,17
1987-9-29,13
1987-9-30,11.2
1987-10-1,9.5
1987-10-2,10.3
1987-10-3,9.3
1987-10-4,11.3
1987-10-5,6.5
1987-10-6,12
1987-10-7,8.3
1987-10-8,8.7
1987-10-9,8.7
1987-10-10,10.2
1987-10-11,6.9
1987-10-12,4.9
1987-10-13,10
1987-10-14,7.6
1987-10-15,14.5
1987-10-16,13.2
1987-10-17,9.9
1987-10-18,10.1
1987-10-19,11.3
1987-10-20,10.4
1987-10-21,10.9
1987-10-22,9.2
1987-10-23,10.5
1987-10-24,11.4
1987-10-25,13.5
1987-10-26,9.8
1987-10-27,13.1
1987-10-28,9.7
1987-10-29,11.4
1987-10-30,9.9
1987-10-31,14.4
1987-11-1,19
1987-11-2,23
1987-11-3,15.4
1987-11-4,9.6
1987-11-5,10.8
1987-11-6,12.1
1987-11-7,11
1987-11-8,12.6
1987-11-9,14.7
1987-11-10,11.1
1987-11-11,10.1
1987-11-12,11.4
1987-11-13,13
1987-11-14,11.9
1987-11-15,9.5
1987-11-16,13.5
1987-11-17,15.2
1987-11-18,18.4
1987-11-19,24.1
1987-11-20,14.1
1987-11-21,10.7
1987-11-22,8.7
1987-11-23,13.3
1987-11-24,11.6
1987-11-25,9.9
1987-11-26,10.8
1987-11-27,11.5
1987-11-28,10
1987-11-29,13.9
1987-11-30,13.6
1987-12-1,11.9
1987-12-2,11.1
1987-12-3,8.2
1987-12-4,9.4
1987-12-5,12.7
1987-12-6,11.6
1987-12-7,11
1987-12-8,11.3
1987-12-9,13.4
1987-12-10,14.9
1987-12-11,15.2
1987-12-12,13.9
1987-12-13,15
1987-12-14,16.2
1987-12-15,17.7
1987-12-16,20.5
1987-12-17,14.7
1987-12-18,12.5
1987-12-19,10.9
1987-12-20,12.8
1987-12-21,12.7
1987-12-22,11.2
1987-12-23,11.4
1987-12-24,11.2
1987-12-25,12.1
1987-12-26,12.7
1987-12-27,16.2
1987-12-28,14.2
1987-12-29,14.3
1987-12-30,13.3
1987-12-31,16.7
1988-1-1,15.3
1988-1-2,14.3
1988-1-3,13.5
1988-1-4,15
1988-1-5,13.6
1988-1-6,15.2
1988-1-7,17
1988-1-8,18.7
1988-1-9,16.5
1988-1-10,17.4
1988-1-11,18.3
1988-1-12,18.3
1988-1-13,22.4
1988-1-14,21.4
1988-1-15,20.9
1988-1-16,17.6
1988-1-17,15.5
1988-1-18,16.6
1988-1-19,16.2
1988-1-20,15.6
1988-1-21,14.5
1988-1-22,14
1988-1-23,15.6
1988-1-24,12.3
1988-1-25,11.6
1988-1-26,12.6
1988-1-27,14.9
1988-1-28,17.3
1988-1-29,21.4
1988-1-30,23.4
1988-1-31,14.4
1988-2-1,14.1
1988-2-2,15
1988-2-3,14.5
1988-2-4,15.1
1988-2-5,13.9
1988-2-6,13.4
1988-2-7,9.2
1988-2-8,12.5
1988-2-9,15.1
1988-2-10,12.1
1988-2-11,14.5
1988-2-12,16.3
1988-2-13,16.5
1988-2-14,14.9
1988-2-15,13.2
1988-2-16,11.8
1988-2-17,13.6
1988-2-18,16.2
1988-2-19,14.1
1988-2-20,13.5
1988-2-21,15
1988-2-22,14.8
1988-2-23,16.2
1988-2-24,16.2
1988-2-25,13.3
1988-2-26,15.3
1988-2-27,18.4
1988-2-28,16.2
1988-2-29,16.3
1988-3-1,12.4
1988-3-2,15.6
1988-3-3,14.9
1988-3-4,14.8
1988-3-5,12.7
1988-3-6,14.2
1988-3-7,16.8
1988-3-8,16.7
1988-3-9,16.2
1988-3-10,14.5
1988-3-11,10
1988-3-12,12.6
1988-3-13,11.9
1988-3-14,11.8
1988-3-15,13.4
1988-3-16,14.5
1988-3-17,15.7
1988-3-18,15.3
1988-3-19,13.9
1988-3-20,13.7
1988-3-21,15.1
1988-3-22,15.6
1988-3-23,14.4
1988-3-24,13.9
1988-3-25,16.2
1988-3-26,16.7
1988-3-27,15.5
1988-3-28,16.4
1988-3-29,17.5
1988-3-30,18.2
1988-3-31,16.1
1988-4-1,16.5
1988-4-2,14.6
1988-4-3,16.4
1988-4-4,13.6
1988-4-5,15.9
1988-4-6,11.9
1988-4-7,14.7
1988-4-8,9.4
1988-4-9,6.6
1988-4-10,7.9
1988-4-11,11
1988-4-12,15.7
1988-4-13,15.2
1988-4-14,15.9
1988-4-15,10.6
1988-4-16,8.3
1988-4-17,8.6
1988-4-18,12.7
1988-4-19,10.5
1988-4-20,12
1988-4-21,11.1
1988-4-22,13
1988-4-23,12.4
1988-4-24,13.3
1988-4-25,15.9
1988-4-26,12
1988-4-27,13.7
1988-4-28,17.6
1988-4-29,14.3
1988-4-30,13.7
1988-5-1,15.2
1988-5-2,14.5
1988-5-3,14.9
1988-5-4,15.5
1988-5-5,16.4
1988-5-6,14.5
1988-5-7,12.6
1988-5-8,13.6
1988-5-9,11.2
1988-5-10,11
1988-5-11,12
1988-5-12,6.8
1988-5-13,10.6
1988-5-14,13.1
1988-5-15,13.5
1988-5-16,11.7
1988-5-17,13.2
1988-5-18,12
1988-5-19,10.4
1988-5-20,10
1988-5-21,8.2
1988-5-22,9.4
1988-5-23,10.3
1988-5-24,8.1
1988-5-25,8.7
1988-5-26,12.6
1988-5-27,10.9
1988-5-28,8.7
1988-5-29,9.3
1988-5-30,6.3
1988-5-31,7.8
1988-6-1,10
1988-6-2,11
1988-6-3,11.1
1988-6-4,12.6
1988-6-5,10.2
1988-6-6,11.1
1988-6-7,8.7
1988-6-8,9.5
1988-6-9,9.7
1988-6-10,8.2
1988-6-11,5
1988-6-12,6.5
1988-6-13,12.1
1988-6-14,8.9
1988-6-15,6.1
1988-6-16,2.8
1988-6-17,3.7
1988-6-18,6.8
1988-6-19,6.6
1988-6-20,7
1988-6-21,7.3
1988-6-22,7.9
1988-6-23,10.6
1988-6-24,8.1
1988-6-25,6.7
1988-6-26,8
1988-6-27,10
1988-6-28,6.7
1988-6-29,9.4
1988-6-30,9.3
1988-7-1,6
1988-7-2,5.8
1988-7-3,4.9
1988-7-4,5
1988-7-5,8.4
1988-7-6,12.3
1988-7-7,13
1988-7-8,11.4
1988-7-9,6.8
1988-7-10,7.6
1988-7-11,12.4
1988-7-12,7.1
1988-7-13,7.5
1988-7-14,10
1988-7-15,5.3
1988-7-16,6.3
1988-7-17,8
1988-7-18,8.3
1988-7-19,9.3
1988-7-20,9.5
1988-7-21,5.6
1988-7-22,7
1988-7-23,8.5
1988-7-24,8.5
1988-7-25,8.2
1988-7-26,8.5
1988-7-27,9.6
1988-7-28,9.7
1988-7-29,7.1
1988-7-30,8.4
1988-7-31,9.2
1988-8-1,9.8
1988-8-2,8.1
1988-8-3,9.4
1988-8-4,10
1988-8-5,5.1
1988-8-6,6.7
1988-8-7,6.9
1988-8-8,6.8
1988-8-9,8.6
1988-8-10,9.1
1988-8-11,3.9
1988-8-12,4.8
1988-8-13,8.4
1988-8-14,11.6
1988-8-15,12.1
1988-8-16,12.4
1988-8-17,10
1988-8-18,10.1
1988-8-19,9.7
1988-8-20,11.7
1988-8-21,7.9
1988-8-22,8.6
1988-8-23,7.7
1988-8-24,5.8
1988-8-25,8.7
1988-8-26,10.6
1988-8-27,6.7
1988-8-28,8.8
1988-8-29,9.7
1988-8-30,9
1988-8-31,11.8
1988-9-1,15.2
1988-9-2,10
1988-9-3,10.5
1988-9-4,5.5
1988-9-5,9.4
1988-9-6,8.8
1988-9-7,5.3
1988-9-8,13
1988-9-9,15.2
1988-9-10,13.2
1988-9-11,11.5
1988-9-12,6.8
1988-9-13,4.7
1988-9-14,5.2
1988-9-15,6.8
1988-9-16,10.7
1988-9-17,10.1
1988-9-18,10
1988-9-19,9.8
1988-9-20,5.5
1988-9-21,13.5
1988-9-22,16.6
1988-9-23,8.4
1988-9-24,8.2
1988-9-25,11.1
1988-9-26,10.8
1988-9-27,8.8
1988-9-28,10.8
1988-9-29,8.7
1988-9-30,12.4
1988-10-1,9
1988-10-2,13.5
1988-10-3,14.7
1988-10-4,10.9
1988-10-5,8.5
1988-10-6,6
1988-10-7,12.7
1988-10-8,11.1
1988-10-9,8.7
1988-10-10,12.3
1988-10-11,13.3
1988-10-12,5.6
1988-10-13,13.7
1988-10-14,8.5
1988-10-15,11.2
1988-10-16,8.7
1988-10-17,11.7
1988-10-18,12.5
1988-10-19,8.2
1988-10-20,15.6
1988-10-21,10.3
1988-10-22,11.4
1988-10-23,9.7
1988-10-24,6.3
1988-10-25,14.3
1988-10-26,11.3
1988-10-27,7.3
1988-10-28,12.8
1988-10-29,11.9
1988-10-30,14.3
1988-10-31,11.6
1988-11-1,13.2
1988-11-2,15.5
1988-11-3,14.1
1988-11-4,9.5
1988-11-5,7.2
1988-11-6,11.8
1988-11-7,16.8
1988-11-8,12.5
1988-11-9,9.4
1988-11-10,11.9
1988-11-11,10.3
1988-11-12,16.9
1988-11-13,17.5
1988-11-14,7.5
1988-11-15,8.6
1988-11-16,11.1
1988-11-17,11.5
1988-11-18,10.7
1988-11-19,15.7
1988-11-20,12.8
1988-11-21,13
1988-11-22,12.9
1988-11-23,14.3
1988-11-24,13.7
1988-11-25,12.1
1988-11-26,11.9
1988-11-27,11.8
1988-11-28,11.4
1988-11-29,10.3
1988-11-30,11.7
1988-12-1,12
1988-12-2,17.4
1988-12-3,16.8
1988-12-4,16.2
1988-12-5,13
1988-12-6,12.5
1988-12-7,12.4
1988-12-8,16.1
1988-12-9,20.2
1988-12-10,14.3
1988-12-11,11
1988-12-12,14.4
1988-12-13,15.7
1988-12-14,19.7
1988-12-15,20.7
1988-12-16,23.9
1988-12-17,16.6
1988-12-18,17.5
1988-12-19,14.9
1988-12-20,13.6
1988-12-21,11.9
1988-12-22,15.2
1988-12-23,17.3
1988-12-24,19.8
1988-12-25,15.8
1988-12-26,9.5
1988-12-27,12.9
1988-12-28,12.9
1988-12-29,14.8
1988-12-30,14.1
1989-1-1,14.3
1989-1-2,17.4
1989-1-3,18.5
1989-1-4,16.8
1989-1-5,11.5
1989-1-6,9.5
1989-1-7,12.2
1989-1-8,15.7
1989-1-9,16.3
1989-1-10,13.6
1989-1-11,12.6
1989-1-12,13.8
1989-1-13,12.1
1989-1-14,13.4
1989-1-15,17.3
1989-1-16,19.4
1989-1-17,16.6
1989-1-18,13.9
1989-1-19,13.1
1989-1-20,16
1989-1-21,14.5
1989-1-22,15
1989-1-23,12.6
1989-1-24,12.5
1989-1-25,15.2
1989-1-26,16.2
1989-1-27,16.5
1989-1-28,20.1
1989-1-29,20.6
1989-1-30,16.9
1989-1-31,16.5
1989-2-1,16.1
1989-2-2,14.4
1989-2-3,16.3
1989-2-4,15.7
1989-2-5,14.2
1989-2-6,13.2
1989-2-7,16.8
1989-2-8,18.5
1989-2-9,16.7
1989-2-10,15.3
1989-2-11,15.9
1989-2-12,15.2
1989-2-13,17.5
1989-2-14,18.3
1989-2-15,19.4
1989-2-16,19.4
1989-2-17,19.5
1989-2-18,20.5
1989-2-19,15.7
1989-2-20,15
1989-2-21,16.1
1989-2-22,14.3
1989-2-23,13
1989-2-24,16.2
1989-2-25,17.7
1989-2-26,13.2
1989-2-27,15.8
1989-2-28,18.5
1989-3-1,20.4
1989-3-2,22
1989-3-3,19.7
1989-3-4,19.6
1989-3-5,20.3
1989-3-6,18.3
1989-3-7,18.9
1989-3-8,20.3
1989-3-9,21.4
1989-3-10,18.3
1989-3-11,17.8
1989-3-12,17.7
1989-3-13,12.8
1989-3-14,15.1
1989-3-15,15
1989-3-16,14.8
1989-3-17,12
1989-3-18,12.5
1989-3-19,15
1989-3-20,17.1
1989-3-21,17.3
1989-3-22,16.9
1989-3-23,16.5
1989-3-24,13.6
1989-3-25,13.2
1989-3-26,9.4
1989-3-27,9.5
1989-3-28,11.8
1989-3-29,10.4
1989-3-30,9.7
1989-3-31,12.6
1989-4-1,13.3
1989-4-2,15.1
1989-4-3,14.2
1989-4-4,14.2
1989-4-5,19.2
1989-4-6,12.6
1989-4-7,14.2
1989-4-8,11.9
1989-4-9,13.9
1989-4-10,13.5
1989-4-11,15.3
1989-4-12,13.9
1989-4-13,14
1989-4-14,12.9
1989-4-15,8.5
1989-4-16,11.4
1989-4-17,10.9
1989-4-18,12
1989-4-19,8.6
1989-4-20,9
1989-4-21,9.6
1989-4-22,10.2
1989-4-23,9.8
1989-4-24,8.3
1989-4-25,11
1989-4-26,11.9
1989-4-27,14
1989-4-28,15.8
1989-4-29,14.5
1989-4-30,13.2
1989-5-1,14.2
1989-5-2,14.6
1989-5-3,11.8
1989-5-4,14.4
1989-5-5,10.4
1989-5-6,10.3
1989-5-7,10.8
1989-5-8,10.5
1989-5-9,9.5
1989-5-10,12.5
1989-5-11,13.7
1989-5-12,12.7
1989-5-13,11.9
1989-5-14,11.4
1989-5-15,9.7
1989-5-16,8.3
1989-5-17,8.1
1989-5-18,11.7
1989-5-19,11.6
1989-5-20,7.4
1989-5-21,5.2
1989-5-22,11
1989-5-23,9.5
1989-5-24,9.2
1989-5-25,10.7
1989-5-26,9
1989-5-27,10.2
1989-5-28,10.3
1989-5-29,12.1
1989-5-30,13.2
1989-5-31,6.6
1989-6-1,2.3
1989-6-2,1.4
1989-6-3,2.1
1989-6-4,6.6
1989-6-5,8.9
1989-6-6,7.8
1989-6-7,9
1989-6-8,10.3
1989-6-9,7.9
1989-6-10,7.2
1989-6-11,8.6
1989-6-12,8.8
1989-6-13,6.2
1989-6-14,9.5
1989-6-15,10.2
1989-6-16,9.7
1989-6-17,11.2
1989-6-18,10.2
1989-6-19,10.1
1989-6-20,8.1
1989-6-21,6.6
1989-6-22,5
1989-6-23,4.7
1989-6-24,5.3
1989-6-25,4.5
1989-6-26,2.3
1989-6-27,1.4
1989-6-28,0.5
1989-6-29,2.4
1989-6-30,8
1989-7-1,6
1989-7-2,7.1
1989-7-3,9.7
1989-7-4,6.9
1989-7-5,5.3
1989-7-6,7
1989-7-7,6.2
1989-7-8,7
1989-7-9,9.7
1989-7-10,8
1989-7-11,8.5
1989-7-12,7.1
1989-7-13,7.5
1989-7-14,3.3
1989-7-15,1.8
1989-7-16,2.6
1989-7-17,5.3
1989-7-18,5.8
1989-7-19,5.8
1989-7-20,7.2
1989-7-21,5.3
1989-7-22,1.6
1989-7-23,3.1
1989-7-24,5.3
1989-7-25,7.7
1989-7-26,4.2
1989-7-27,5.5
1989-7-28,9
1989-7-29,11.2
1989-7-30,8
1989-7-31,7.6
1989-8-1,3.7
1989-8-2,7.5
1989-8-3,8.1
1989-8-4,8.4
1989-8-5,7.1
1989-8-6,7.6
1989-8-7,7.6
1989-8-8,5.6
1989-8-9,7
1989-8-10,10.5
1989-8-11,7.3
1989-8-12,7.8
1989-8-13,5.8
1989-8-14,3.8
1989-8-15,5.8
1989-8-16,6.7
1989-8-17,6.6
1989-8-18,6.6
1989-8-19,9
1989-8-20,8.1
1989-8-21,5.1
1989-8-22,8.6
1989-8-23,7
1989-8-24,5.5
1989-8-25,7.4
1989-8-26,6.2
1989-8-27,4.2
1989-8-28,6.3
1989-8-29,7
1989-8-30,4
1989-8-31,8
1989-9-1,8.8
1989-9-2,8.8
1989-9-3,6.1
1989-9-4,8.6
1989-9-5,8.9
1989-9-6,7.8
1989-9-7,5
1989-9-8,7
1989-9-9,13.3
1989-9-10,7.9
1989-9-11,7.5
1989-9-12,8.3
1989-9-13,7.2
1989-9-14,6.5
1989-9-15,8.9
1989-9-16,7.4
1989-9-17,9.9
1989-9-18,9.3
1989-9-19,10.6
1989-9-20,8.6
1989-9-21,7.2
1989-9-22,12.6
1989-9-23,7.8
1989-9-24,6.3
1989-9-25,9.2
1989-9-26,5.8
1989-9-27,9
1989-9-28,5
1989-9-29,11.9
1989-9-30,13.4
1989-10-1,10.5
1989-10-2,6.2
1989-10-3,5.1
1989-10-4,9.5
1989-10-5,11.7
1989-10-6,9.2
1989-10-7,7.3
1989-10-8,9.7
1989-10-9,9.4
1989-10-10,10
1989-10-11,10.9
1989-10-12,11
1989-10-13,10.9
1989-10-14,8
1989-10-15,11.2
1989-10-16,7.5
1989-10-17,7.2
1989-10-18,13.2
1989-10-19,12.9
1989-10-20,9.4
1989-10-21,10.2
1989-10-22,9.5
1989-10-23,12.4
1989-10-24,10.2
1989-10-25,13.4
1989-10-26,11.6
1989-10-27,8
1989-10-28,9
1989-10-29,9.3
1989-10-30,13.5
1989-10-31,8
1989-11-1,8.1
1989-11-2,10
1989-11-3,8.5
1989-11-4,12.5
1989-11-5,15
1989-11-6,13.3
1989-11-7,11
1989-11-8,11.9
1989-11-9,8.3
1989-11-10,9.7
1989-11-11,11.3
1989-11-12,12.5
1989-11-13,9.4
1989-11-14,11.4
1989-11-15,13.2
1989-11-16,13.8
1989-11-17,16
1989-11-18,10.9
1989-11-19,11.9
1989-11-20,12.4
1989-11-21,13.2
1989-11-22,15.5
1989-11-23,21.6
1989-11-24,14.9
1989-11-25,14.4
1989-11-26,12.9
1989-11-27,13.1
1989-11-28,14
1989-11-29,17.9
1989-11-30,17.7
1989-12-1,16.3
1989-12-2,18.3
1989-12-3,13.7
1989-12-4,13.3
1989-12-5,10.6
1989-12-6,14.1
1989-12-7,16
1989-12-8,16.5
1989-12-9,14.1
1989-12-10,18.7
1989-12-11,16.2
1989-12-12,14.8
1989-12-13,12.6
1989-12-14,10.4
1989-12-15,12.2
1989-12-16,12.6
1989-12-17,12.1
1989-12-18,17.3
1989-12-19,16.4
1989-12-20,12.6
1989-12-21,12.3
1989-12-22,11.8
1989-12-23,12
1989-12-24,12.7
1989-12-25,16.4
1989-12-26,16
1989-12-27,13.3
1989-12-28,11.7
1989-12-29,10.4
1989-12-30,14.4
1989-12-31,12.7
1990-1-1,14.8
1990-1-2,13.3
1990-1-3,15.6
1990-1-4,14.5
1990-1-5,14.3
1990-1-6,15.3
1990-1-7,16.4
1990-1-8,14.8
1990-1-9,17.4
1990-1-10,18.8
1990-1-11,22.1
1990-1-12,19
1990-1-13,15.5
1990-1-14,15.8
1990-1-15,14.7
1990-1-16,10.7
1990-1-17,11.5
1990-1-18,15
1990-1-19,14.5
1990-1-20,14.5
1990-1-21,13.3
1990-1-22,14.3
1990-1-23,14.3
1990-1-24,20.5
1990-1-25,15
1990-1-26,17.1
1990-1-27,16.9
1990-1-28,16.9
1990-1-29,13.6
1990-1-30,16.4
1990-1-31,16.1
1990-2-1,12
1990-2-2,12.2
1990-2-3,14.8
1990-2-4,14.8
1990-2-5,14.4
1990-2-6,12.9
1990-2-7,13.4
1990-2-8,15.9
1990-2-9,16.1
1990-2-10,17.6
1990-2-11,15.6
1990-2-12,15
1990-2-13,13
1990-2-14,14.1
1990-2-15,17.3
1990-2-16,15.7
1990-2-17,18.6
1990-2-18,12.7
1990-2-19,14
1990-2-20,13.7
1990-2-21,16.3
1990-2-22,20
1990-2-23,17
1990-2-24,15.2
1990-2-25,16.5
1990-2-26,16.5
1990-2-27,17.3
1990-2-28,19.1
1990-3-1,19.3
1990-3-2,17.3
1990-3-3,19
1990-3-4,19.8
1990-3-5,19.3
1990-3-6,17.2
1990-3-7,14.2
1990-3-8,10.3
1990-3-9,13
1990-3-10,15.3
1990-3-11,15
1990-3-12,12.1
1990-3-13,9.2
1990-3-14,11
1990-3-15,15
1990-3-16,11.6
1990-3-17,11.6
1990-3-18,15.1
1990-3-19,15
1990-3-20,13.6
1990-3-21,12.5
1990-3-22,14.3
1990-3-23,16
1990-3-24,17.4
1990-3-25,16.9
1990-3-26,18
1990-3-27,20.6
1990-3-28,14.2
1990-3-29,10.9
1990-3-30,11.9
1990-3-31,13.3
1990-4-1,15.3
1990-4-2,14.7
1990-4-3,11
1990-4-4,12.2
1990-4-5,14.2
1990-4-6,17
1990-4-7,15.8
1990-4-8,15.2
1990-4-9,15.1
1990-4-10,14.7
1990-4-11,18.5
1990-4-12,16.4
1990-4-13,18.4
1990-4-14,15.1
1990-4-15,9.9
1990-4-16,10.2
1990-4-17,12.6
1990-4-18,13.2
1990-4-19,11.5
1990-4-20,13.8
1990-4-21,14.5
1990-4-22,14.7
1990-4-23,11.2
1990-4-24,12.7
1990-4-25,13.7
1990-4-26,11.5
1990-4-27,10.4
1990-4-28,8.9
1990-4-29,11.1
1990-4-30,9.5
1990-5-1,13
1990-5-2,13.9
1990-5-3,12.6
1990-5-4,14.3
1990-5-5,16
1990-5-6,13.3
1990-5-7,7
1990-5-8,4.9
1990-5-9,6.9
1990-5-10,13.7
1990-5-11,10.6
1990-5-12,12.3
1990-5-13,11.1
1990-5-14,10.2
1990-5-15,9.5
1990-5-16,8.9
1990-5-17,13.4
1990-5-18,9.1
1990-5-19,9.4
1990-5-20,8.7
1990-5-21,5.8
1990-5-22,4.5
1990-5-23,7.2
1990-5-24,10
1990-5-25,10.5
1990-5-26,10.7
1990-5-27,8.2
1990-5-28,6.1
1990-5-29,4.5
1990-5-30,6.1
1990-5-31,9.8
1990-6-1,9.7
1990-6-2,8.2
1990-6-3,8.4
1990-6-4,8.5
1990-6-5,10.4
1990-6-6,6.8
1990-6-7,6
1990-6-8,6.6
1990-6-9,7.8
1990-6-10,10.3
1990-6-11,7.2
1990-6-12,7.4
1990-6-13,11.4
1990-6-14,5.4
1990-6-15,4.4
1990-6-16,6.4
1990-6-17,9.3
1990-6-18,7.7
1990-6-19,8.1
1990-6-20,8.3
1990-6-21,9.1
1990-6-22,7.7
1990-6-23,10.6
1990-6-24,8.2
1990-6-25,7.9
1990-6-26,5.2
1990-6-27,5.9
1990-6-28,3.7
1990-6-29,5.6
1990-6-30,9.4
1990-7-1,7.4
1990-7-2,7.3
1990-7-3,7.7
1990-7-4,7.7
1990-7-5,9.3
1990-7-6,4.4
1990-7-7,5.7
1990-7-8,10.2
1990-7-9,10.2
1990-7-10,9.3
1990-7-11,5.4
1990-7-12,5
1990-7-13,7.6
1990-7-14,9.6
1990-7-15,10.4
1990-7-16,11.2
1990-7-17,9.1
1990-7-18,11.2
1990-7-19,6.8
1990-7-20,8.3
1990-7-21,9.7
1990-7-22,9.6
1990-7-23,9.8
1990-7-24,10.8
1990-7-25,9.2
1990-7-26,6.5
1990-7-27,8.1
1990-7-28,7.3
1990-7-29,7.9
1990-7-30,6
1990-7-31,5
1990-8-1,6.8
1990-8-2,9.8
1990-8-3,5.7
1990-8-4,8.6
1990-8-5,10.6
1990-8-6,7.8
1990-8-7,7.7
1990-8-8,8.6
1990-8-9,6.5
1990-8-10,6.9
1990-8-11,6.4
1990-8-12,8.5
1990-8-13,7.8
1990-8-14,9.3
1990-8-15,8.4
1990-8-16,7.8
1990-8-17,7.4
1990-8-18,7.7
1990-8-19,8.9
1990-8-20,9.7
1990-8-21,9.9
1990-8-22,6.1
1990-8-23,6.6
1990-8-24,7.6
1990-8-25,7.4
1990-8-26,8
1990-8-27,2.1
1990-8-28,5.9
1990-8-29,11.6
1990-8-30,8.6
1990-8-31,7.9
1990-9-1,6
1990-9-2,9.5
1990-9-3,8.6
1990-9-4,7.6
1990-9-5,10.4
1990-9-6,10.3
1990-9-7,7.5
1990-9-8,3
1990-9-9,5.3
1990-9-10,10.5
1990-9-11,14.6
1990-9-12,12.6
1990-9-13,9.8
1990-9-14,7.2
1990-9-15,10.1
1990-9-16,10.4
1990-9-17,3.7
1990-9-18,7.3
1990-9-19,11.6
1990-9-20,16.3
1990-9-21,9.6
1990-9-22,6.8
1990-9-23,5.2
1990-9-24,10.6
1990-9-25,16.3
1990-9-26,9.8
1990-9-27,4.6
1990-9-28,11.1
1990-9-29,8.7
1990-9-30,10
1990-10-1,11.3
1990-10-2,10.5
1990-10-3,9.9
1990-10-4,11
1990-10-5,14
1990-10-6,9.2
1990-10-7,9.8
1990-10-8,6
1990-10-9,9.8
1990-10-10,9.2
1990-10-11,11.8
1990-10-12,10.3
1990-10-13,7.5
1990-10-14,7.7
1990-10-15,15.8
1990-10-16,14.6
1990-10-17,10.5
1990-10-18,11.3
1990-10-19,10.9
1990-10-20,6.4
1990-10-21,10.9
1990-10-22,9
1990-10-23,10.9
1990-10-24,12.4
1990-10-25,11.6
1990-10-26,13.3
1990-10-27,14.4
1990-10-28,18.4
1990-10-29,13.6
1990-10-30,14.9
1990-10-31,14.8
1990-11-1,15.4
1990-11-2,11.8
1990-11-3,13
1990-11-4,11.1
1990-11-5,12.5
1990-11-6,18.3
1990-11-7,19.2
1990-11-8,15.4
1990-11-9,13.1
1990-11-10,11.5
1990-11-11,8.6
1990-11-12,12.6
1990-11-13,13.8
1990-11-14,14.6
1990-11-15,13.2
1990-11-16,12.3
1990-11-17,8.8
1990-11-18,10.7
1990-11-19,9.9
1990-11-20,8.3
1990-11-21,15
1990-11-22,12.2
1990-11-23,10.5
1990-11-24,11.1
1990-11-25,13
1990-11-26,12.9
1990-11-27,8.8
1990-11-28,14.7
1990-11-29,14.7
1990-11-30,12.7
1990-12-1,13.3
1990-12-2,13.2
1990-12-3,16.2
1990-12-4,17.3
1990-12-5,20.5
1990-12-6,20.2
1990-12-7,19.4
1990-12-8,15.5
1990-12-9,14.1
1990-12-10,11
1990-12-11,11.1
1990-12-12,14
1990-12-13,11.4
1990-12-14,12.5
1990-12-15,13.4
1990-12-16,13.6
1990-12-17,13.9
1990-12-18,17.2
1990-12-19,14.7
1990-12-20,15.4
1990-12-21,13.1
1990-12-22,13.2
1990-12-23,13.9
1990-12-24,10
1990-12-25,12.9
1990-12-26,14.6
1990-12-27,14
1990-12-28,13.6
1990-12-29,13.5
1990-12-30,15.7
1990-12-31,13
